symbol,onboard_date,delist_date,source
BTCUSDT,2019-09-08,,Binance fapi/v1/exchangeInfo; data.binance.vision monthly/daily klines HEAD probe
ETHUSDT,2019-11-27,,Binance fapi/v1/exchangeInfo; data.binance.vision monthly/daily klines HEAD probe
BCHUSDT,2019-12-19,,Binance fapi/v1/exchangeInfo; data.binance.vision monthly/daily klines HEAD probe
XRPUSDT,2020-01-06,,Binance fapi/v1/exchangeInfo; data.binance.vision monthly/daily klines HEAD probe
LTCUSDT,2020-01-09,,Binance fapi/v1/exchangeInfo; data.binance.vision monthly/daily klines HEAD probe
TRXUSDT,2020-01-15,,Binance fapi/v1/exchangeInfo; data.binance.vision monthly/daily klines HEAD probe
ETCUSDT,2020-01-16,,Binance fapi/v1/exchangeInfo; data.binance.vision monthly/daily klines HEAD probe
LINKUSDT,2020-01-17,,Binance fapi/v1/exchangeInfo; data.binance.vision monthly/daily klines HEAD probe
XLMUSDT,2020-01-20,,Binance fapi/v1/exchangeInfo; data.binance.vision monthly/daily klines HEAD probe
ADAUSDT,2020-01-31,,Binance fapi/v1/exchangeInfo; data.binance.vision monthly/daily klines HEAD probe
XMRUSDT,2020-02-03,,Binance fapi/v1/exchangeInfo; data.binance.vision monthly/daily klines HEAD probe
DASHUSDT,2020-02-04,,Binance fapi/v1/exchangeInfo; data.binance.vision monthly/daily klines HEAD probe
ZECUSDT,2020-02-05,,Binance fapi/v1/exchangeInfo; data.binance.vision monthly/daily klines HEAD probe
XTZUSDT,2020-02-06,,Binance fapi/v1/exchangeInfo; data.binance.vision monthly/daily klines HEAD probe
ATOMUSDT,2020-02-07,,Binance fapi/v1/exchangeInfo; data.binance.vision monthly/daily klines HEAD probe
BNBUSDT,2020-02-10,,Binance fapi/v1/exchangeInfo; data.binance.vision monthly/daily klines HEAD probe
ONTUSDT,2020-02-11,,Binance fapi/v1/exchangeInfo; data.binance.vision monthly/daily klines HEAD probe
IOTAUSDT,2020-02-12,,Binance fapi/v1/exchangeInfo; data.binance.vision monthly/daily klines HEAD probe
BATUSDT,2020-02-13,,Binance fapi/v1/exchangeInfo; data.binance.vision monthly/daily klines HEAD probe
VETUSDT,2020-02-14,,Binance fapi/v1/exchangeInfo; data.binance.vision monthly/daily klines HEAD probe
NEOUSDT,2020-02-17,,Binance fapi/v1/exchangeInfo; data.binance.vision monthly/daily klines HEAD probe
QTUMUSDT,2020-02-20,,Binance fapi/v1/exchangeInfo; data.binance.vision monthly/daily klines HEAD probe
IOSTUSDT,2020-02-21,,Binance fapi/v1/exchangeInfo; data.binance.vision monthly/daily klines HEAD probe
THETAUSDT,2020-05-27,,Binance fapi/v1/exchangeInfo; data.binance.vision monthly/daily klines HEAD probe
ALGOUSDT,2020-06-16,,Binance fapi/v1/exchangeInfo; data.binance.vision monthly/daily klines HEAD probe
ZILUSDT,2020-06-18,,Binance fapi/v1/exchangeInfo; data.binance.vision monthly/daily klines HEAD probe
KNCUSDT,2020-06-22,,Binance fapi/v1/exchangeInfo; data.binance.vision monthly/daily klines HEAD probe
ZRXUSDT,2020-06-24,,Binance fapi/v1/exchangeInfo; data.binance.vision monthly/daily klines HEAD probe
COMPUSDT,2020-06-30,,Binance fapi/v1/exchangeInfo; data.binance.vision monthly/daily klines HEAD probe
OMGUSDT,2020-07-02,2025-01-31,Binance fapi/v1/exchangeInfo; data.binance.vision monthly/daily klines HEAD probe
DOGEUSDT,2020-07-10,,Binance fapi/v1/exchangeInfo; data.binance.vision monthly/daily klines HEAD probe
KAVAUSDT,2020-07-28,,Binance fapi/v1/exchangeInfo; data.binance.vision monthly/daily klines HEAD probe
BANDUSDT,2020-07-29,,Binance fapi/v1/exchangeInfo; data.binance.vision monthly/daily klines HEAD probe
RLCUSDT,2020-07-31,,Binance fapi/v1/exchangeInfo; data.binance.vision monthly/daily klines HEAD probe
WAVESUSDT,2020-08-12,2024-06-11,Binance fapi/v1/exchangeInfo; data.binance.vision monthly/daily klines HEAD probe
MKRUSDT,2020-08-13,2025-09-08,Binance fapi/v1/exchangeInfo; data.binance.vision monthly/daily klines HEAD probe
SNXUSDT,2020-08-14,,Binance fapi/v1/exchangeInfo; data.binance.vision monthly/daily klines HEAD probe
DOTUSDT,2020-08-22,,Binance fapi/v1/exchangeInfo; data.binance.vision monthly/daily klines HEAD probe
SKLUSDT,2020-08-24,,Binance fapi/v1/exchangeInfo; data.binance.vision monthly/daily klines HEAD probe
DEFIUSDT,2020-08-28,2025-08-11,Binance fapi/v1/exchangeInfo; data.binance.vision monthly/daily klines HEAD probe
YFIUSDT,2020-08-31,,Binance fapi/v1/exchangeInfo; data.binance.vision monthly/daily klines HEAD probe
BALUSDT,2020-09-01,2025-04-14,Binance fapi/v1/exchangeInfo; data.binance.vision monthly/daily klines HEAD probe
CRVUSDT,2020-09-01,,Binance fapi/v1/exchangeInfo; data.binance.vision monthly/daily klines HEAD probe
TRBUSDT,2020-09-03,,Binance fapi/v1/exchangeInfo; data.binance.vision monthly/daily klines HEAD probe
RUNEUSDT,2020-09-04,,Binance fapi/v1/exchangeInfo; data.binance.vision monthly/daily klines HEAD probe
SUSHIUSDT,2020-09-04,,Binance fapi/v1/exchangeInfo; data.binance.vision monthly/daily klines HEAD probe
EGLDUSDT,2020-09-14,,Binance fapi/v1/exchangeInfo; data.binance.vision monthly/daily klines HEAD probe
SOLUSDT,2020-09-14,,Binance fapi/v1/exchangeInfo; data.binance.vision monthly/daily klines HEAD probe
ICXUSDT,2020-09-15,,Binance fapi/v1/exchangeInfo; data.binance.vision monthly/daily klines HEAD probe
STORJUSDT,2020-09-16,,Binance fapi/v1/exchangeInfo; data.binance.vision monthly/daily klines HEAD probe
BLZUSDT,2020-09-17,2024-12-23,Binance fapi/v1/exchangeInfo; data.binance.vision monthly/daily klines HEAD probe
UNIUSDT,2020-09-18,,Binance fapi/v1/exchangeInfo; data.binance.vision monthly/daily klines HEAD probe
AVAXUSDT,2020-09-23,,Binance fapi/v1/exchangeInfo; data.binance.vision monthly/daily klines HEAD probe
FTMUSDT,2020-09-24,2025-01-06,Binance fapi/v1/exchangeInfo; data.binance.vision monthly/daily klines HEAD probe
ENJUSDT,2020-09-29,,Binance fapi/v1/exchangeInfo; data.binance.vision monthly/daily klines HEAD probe
FLMUSDT,2020-09-29,2025-11-21,Binance fapi/v1/exchangeInfo; data.binance.vision monthly/daily klines HEAD probe
RENUSDT,2020-10-13,2024-12-03,Binance fapi/v1/exchangeInfo; data.binance.vision monthly/daily klines HEAD probe
KSMUSDT,2020-10-14,,Binance fapi/v1/exchangeInfo; data.binance.vision monthly/daily klines HEAD probe
NEARUSDT,2020-10-15,,Binance fapi/v1/exchangeInfo; data.binance.vision monthly/daily klines HEAD probe
AAVEUSDT,2020-10-16,,Binance fapi/v1/exchangeInfo; data.binance.vision monthly/daily klines HEAD probe
FILUSDT,2020-10-16,,Binance fapi/v1/exchangeInfo; data.binance.vision monthly/daily klines HEAD probe
LRCUSDT,2020-10-19,2026-03-24,Binance fapi/v1/exchangeInfo; data.binance.vision monthly/daily klines HEAD probe
RSRUSDT,2020-10-19,,Binance fapi/v1/exchangeInfo; data.binance.vision monthly/daily klines HEAD probe
OCEANUSDT,2020-11-03,2024-06-25,Binance fapi/v1/exchangeInfo; data.binance.vision monthly/daily klines HEAD probe
BELUSDT,2020-11-18,,Binance fapi/v1/exchangeInfo; data.binance.vision monthly/daily klines HEAD probe
AXSUSDT,2020-11-20,,Binance fapi/v1/exchangeInfo; data.binance.vision monthly/daily klines HEAD probe
ALPHAUSDT,2020-11-23,2025-09-23,Binance fapi/v1/exchangeInfo; data.binance.vision monthly/daily klines HEAD probe
ZENUSDT,2020-11-24,,Binance fapi/v1/exchangeInfo; data.binance.vision monthly/daily klines HEAD probe
GRTUSDT,2020-12-18,,Binance fapi/v1/exchangeInfo; data.binance.vision monthly/daily klines HEAD probe
1INCHUSDT,2020-12-25,,Binance fapi/v1/exchangeInfo; data.binance.vision monthly/daily klines HEAD probe
SANDUSDT,2021-01-18,,Binance fapi/v1/exchangeInfo; data.binance.vision monthly/daily klines HEAD probe
CHZUSDT,2021-01-21,,Binance fapi/v1/exchangeInfo; data.binance.vision monthly/daily klines HEAD probe
ANKRUSDT,2021-01-25,,Binance fapi/v1/exchangeInfo; data.binance.vision monthly/daily klines HEAD probe
REEFUSDT,2021-01-25,2025-01-22,Binance fapi/v1/exchangeInfo; data.binance.vision monthly/daily klines HEAD probe
UNFIUSDT,2021-02-09,2024-10-30,Binance fapi/v1/exchangeInfo; data.binance.vision monthly/daily klines HEAD probe
RVNUSDT,2021-02-23,,Binance fapi/v1/exchangeInfo; data.binance.vision monthly/daily klines HEAD probe
SFPUSDT,2021-02-24,,Binance fapi/v1/exchangeInfo; data.binance.vision monthly/daily klines HEAD probe
XEMUSDT,2021-03-02,2024-12-09,Binance fapi/v1/exchangeInfo; data.binance.vision monthly/daily klines HEAD probe
COTIUSDT,2021-03-09,,Binance fapi/v1/exchangeInfo; data.binance.vision monthly/daily klines HEAD probe
CHRUSDT,2021-03-12,,Binance fapi/v1/exchangeInfo; data.binance.vision monthly/daily klines HEAD probe
MANAUSDT,2021-03-14,,Binance fapi/v1/exchangeInfo; data.binance.vision monthly/daily klines HEAD probe
ALICEUSDT,2021-03-15,,Binance fapi/v1/exchangeInfo; data.binance.vision monthly/daily klines HEAD probe
GTCUSDT,2021-03-15,,Binance fapi/v1/exchangeInfo; data.binance.vision monthly/daily klines HEAD probe
HBARUSDT,2021-03-17,,Binance fapi/v1/exchangeInfo; data.binance.vision monthly/daily klines HEAD probe
LINAUSDT,2021-03-17,2025-03-27,Binance fapi/v1/exchangeInfo; data.binance.vision monthly/daily klines HEAD probe
ONEUSDT,2021-03-17,,Binance fapi/v1/exchangeInfo; data.binance.vision monthly/daily klines HEAD probe
STMXUSDT,2021-03-17,2025-02-21,Binance fapi/v1/exchangeInfo; data.binance.vision monthly/daily klines HEAD probe
DENTUSDT,2021-03-23,2026-04-21,Binance fapi/v1/exchangeInfo; data.binance.vision monthly/daily klines HEAD probe
CELRUSDT,2021-03-29,,Binance fapi/v1/exchangeInfo; data.binance.vision monthly/daily klines HEAD probe
HOTUSDT,2021-03-30,,Binance fapi/v1/exchangeInfo; data.binance.vision monthly/daily klines HEAD probe
MTLUSDT,2021-03-31,,Binance fapi/v1/exchangeInfo; data.binance.vision monthly/daily klines HEAD probe
OGNUSDT,2021-03-31,,Binance fapi/v1/exchangeInfo; data.binance.vision monthly/daily klines HEAD probe
NKNUSDT,2021-04-08,2026-02-06,Binance fapi/v1/exchangeInfo; data.binance.vision monthly/daily klines HEAD probe
SCUSDT,2021-04-12,2022-06-17,Binance fapi/v1/exchangeInfo; data.binance.vision monthly/daily klines HEAD probe
DGBUSDT,2021-04-19,2024-04-01,Binance fapi/v1/exchangeInfo; data.binance.vision monthly/daily klines HEAD probe
1000SHIBUSDT,2021-05-10,,Binance fapi/v1/exchangeInfo; data.binance.vision monthly/daily klines HEAD probe
BAKEUSDT,2021-05-18,2025-10-03,Binance fapi/v1/exchangeInfo; data.binance.vision monthly/daily klines HEAD probe
BTCDOMUSDT,2021-06-17,,Binance fapi/v1/exchangeInfo; data.binance.vision monthly/daily klines HEAD probe
MASKUSDT,2021-07-16,,Binance fapi/v1/exchangeInfo; data.binance.vision monthly/daily klines HEAD probe
ICPUSDT,2021-07-30,,Binance fapi/v1/exchangeInfo; data.binance.vision monthly/daily klines HEAD probe
IOTXUSDT,2021-08-11,,Binance fapi/v1/exchangeInfo; data.binance.vision monthly/daily klines HEAD probe
RAYUSDT,2021-08-18,2022-11-15,Binance fapi/v1/exchangeInfo; data.binance.vision monthly/daily klines HEAD probe
C98USDT,2021-08-23,,Binance fapi/v1/exchangeInfo; data.binance.vision monthly/daily klines HEAD probe
ATAUSDT,2021-08-30,2026-05-19,Binance fapi/v1/exchangeInfo; data.binance.vision monthly/daily klines HEAD probe
DYDXUSDT,2021-09-09,,Binance fapi/v1/exchangeInfo; data.binance.vision monthly/daily klines HEAD probe
1000XECUSDT,2021-09-16,,Binance fapi/v1/exchangeInfo; data.binance.vision monthly/daily klines HEAD probe
GALAUSDT,2021-09-17,,Binance fapi/v1/exchangeInfo; data.binance.vision monthly/daily klines HEAD probe
CELOUSDT,2021-09-26,,Binance fapi/v1/exchangeInfo; data.binance.vision monthly/daily klines HEAD probe
ARUSDT,2021-09-28,,Binance fapi/v1/exchangeInfo; data.binance.vision monthly/daily klines HEAD probe
KLAYUSDT,2021-10-11,2024-10-22,Binance fapi/v1/exchangeInfo; data.binance.vision monthly/daily klines HEAD probe
ARPAUSDT,2021-10-18,,Binance fapi/v1/exchangeInfo; data.binance.vision monthly/daily klines HEAD probe
CTSIUSDT,2021-10-25,,Binance fapi/v1/exchangeInfo; data.binance.vision monthly/daily klines HEAD probe
LPTUSDT,2021-11-10,,Binance fapi/v1/exchangeInfo; data.binance.vision monthly/daily klines HEAD probe
ENSUSDT,2021-11-29,,Binance fapi/v1/exchangeInfo; data.binance.vision monthly/daily klines HEAD probe
PEOPLEUSDT,2021-12-23,,Binance fapi/v1/exchangeInfo; data.binance.vision monthly/daily klines HEAD probe
ROSEUSDT,2021-12-31,,Binance fapi/v1/exchangeInfo; data.binance.vision monthly/daily klines HEAD probe
DUSKUSDT,2022-01-06,,Binance fapi/v1/exchangeInfo; data.binance.vision monthly/daily klines HEAD probe
FLOWUSDT,2022-02-09,,Binance fapi/v1/exchangeInfo; data.binance.vision monthly/daily klines HEAD probe
IMXUSDT,2022-02-10,,Binance fapi/v1/exchangeInfo; data.binance.vision monthly/daily klines HEAD probe
API3USDT,2022-02-21,,Binance fapi/v1/exchangeInfo; data.binance.vision monthly/daily klines HEAD probe
GMTUSDT,2022-03-14,,Binance fapi/v1/exchangeInfo; data.binance.vision monthly/daily klines HEAD probe
APEUSDT,2022-03-17,,Binance fapi/v1/exchangeInfo; data.binance.vision monthly/daily klines HEAD probe
WOOUSDT,2022-04-07,,Binance fapi/v1/exchangeInfo; data.binance.vision monthly/daily klines HEAD probe
FTTUSDT,2022-04-14,2022-11-14,Binance fapi/v1/exchangeInfo; data.binance.vision monthly/daily klines HEAD probe
JASMYUSDT,2022-04-19,,Binance fapi/v1/exchangeInfo; data.binance.vision monthly/daily klines HEAD probe
DARUSDT,2022-04-28,2024-12-26,Binance fapi/v1/exchangeInfo; data.binance.vision monthly/daily klines HEAD probe
OPUSDT,2022-06-01,,Binance fapi/v1/exchangeInfo; data.binance.vision monthly/daily klines HEAD probe
INJUSDT,2022-08-16,,Binance fapi/v1/exchangeInfo; data.binance.vision monthly/daily klines HEAD probe
STGUSDT,2022-08-24,,Binance fapi/v1/exchangeInfo; data.binance.vision monthly/daily klines HEAD probe
SPELLUSDT,2022-09-05,,Binance fapi/v1/exchangeInfo; data.binance.vision monthly/daily klines HEAD probe
1000LUNCUSDT,2022-09-08,,Binance fapi/v1/exchangeInfo; data.binance.vision monthly/daily klines HEAD probe
LUNA2USDT,2022-09-09,,Binance fapi/v1/exchangeInfo; data.binance.vision monthly/daily klines HEAD probe
LDOUSDT,2022-09-21,,Binance fapi/v1/exchangeInfo; data.binance.vision monthly/daily klines HEAD probe
APTUSDT,2022-10-18,,Binance fapi/v1/exchangeInfo; data.binance.vision monthly/daily klines HEAD probe
QNTUSDT,2022-10-18,,Binance fapi/v1/exchangeInfo; data.binance.vision monthly/daily klines HEAD probe
FETUSDT,2023-01-15,,Binance fapi/v1/exchangeInfo; data.binance.vision monthly/daily klines HEAD probe
FXSUSDT,2023-01-19,2026-01-06,Binance fapi/v1/exchangeInfo; data.binance.vision monthly/daily klines HEAD probe
HOOKUSDT,2023-01-19,2026-03-24,Binance fapi/v1/exchangeInfo; data.binance.vision monthly/daily klines HEAD probe
MAGICUSDT,2023-01-23,,Binance fapi/v1/exchangeInfo; data.binance.vision monthly/daily klines HEAD probe
TUSDT,2023-01-31,,Binance fapi/v1/exchangeInfo; data.binance.vision monthly/daily klines HEAD probe
HIGHUSDT,2023-02-03,2026-06-11,Binance fapi/v1/exchangeInfo; data.binance.vision monthly/daily klines HEAD probe
MINAUSDT,2023-02-03,,Binance fapi/v1/exchangeInfo; data.binance.vision monthly/daily klines HEAD probe
ASTRUSDT,2023-02-13,,Binance fapi/v1/exchangeInfo; data.binance.vision monthly/daily klines HEAD probe
AGIXUSDT,2023-02-15,2024-06-25,Binance fapi/v1/exchangeInfo; data.binance.vision monthly/daily klines HEAD probe
PHBUSDT,2023-02-15,2026-05-19,Binance fapi/v1/exchangeInfo; data.binance.vision monthly/daily klines HEAD probe
GMXUSDT,2023-02-16,,Binance fapi/v1/exchangeInfo; data.binance.vision monthly/daily klines HEAD probe
CFXUSDT,2023-02-19,,Binance fapi/v1/exchangeInfo; data.binance.vision monthly/daily klines HEAD probe
STXUSDT,2023-02-20,,Binance fapi/v1/exchangeInfo; data.binance.vision monthly/daily klines HEAD probe
ACHUSDT,2023-02-21,,Binance fapi/v1/exchangeInfo; data.binance.vision monthly/daily klines HEAD probe
BNXUSDT,2023-02-22,2025-03-17,Binance fapi/v1/exchangeInfo; data.binance.vision monthly/daily klines HEAD probe
SSVUSDT,2023-02-23,,Binance fapi/v1/exchangeInfo; data.binance.vision monthly/daily klines HEAD probe
CKBUSDT,2023-02-27,,Binance fapi/v1/exchangeInfo; data.binance.vision monthly/daily klines HEAD probe
PERPUSDT,2023-03-05,2025-11-21,Binance fapi/v1/exchangeInfo; data.binance.vision monthly/daily klines HEAD probe
TRUUSDT,2023-03-06,2026-04-21,Binance fapi/v1/exchangeInfo; data.binance.vision monthly/daily klines HEAD probe
LQTYUSDT,2023-03-08,,Binance fapi/v1/exchangeInfo; data.binance.vision monthly/daily klines HEAD probe
USDCUSDT,2023-03-12,,Binance fapi/v1/exchangeInfo; data.binance.vision monthly/daily klines HEAD probe
ARBUSDT,2023-03-23,,Binance fapi/v1/exchangeInfo; data.binance.vision monthly/daily klines HEAD probe
IDUSDT,2023-03-23,,Binance fapi/v1/exchangeInfo; data.binance.vision monthly/daily klines HEAD probe
JOEUSDT,2023-03-28,,Binance fapi/v1/exchangeInfo; data.binance.vision monthly/daily klines HEAD probe
AMBUSDT,2023-03-29,2025-02-21,Binance fapi/v1/exchangeInfo; data.binance.vision monthly/daily klines HEAD probe
LEVERUSDT,2023-03-29,2025-09-03,Binance fapi/v1/exchangeInfo; data.binance.vision monthly/daily klines HEAD probe
TLMUSDT,2023-03-29,,Binance fapi/v1/exchangeInfo; data.binance.vision monthly/daily klines HEAD probe
RDNTUSDT,2023-04-04,2026-03-24,Binance fapi/v1/exchangeInfo; data.binance.vision monthly/daily klines HEAD probe
HFTUSDT,2023-04-05,,Binance fapi/v1/exchangeInfo; data.binance.vision monthly/daily klines HEAD probe
XVSUSDT,2023-04-12,,Binance fapi/v1/exchangeInfo; data.binance.vision monthly/daily klines HEAD probe
BLURUSDT,2023-04-27,,Binance fapi/v1/exchangeInfo; data.binance.vision monthly/daily klines HEAD probe
EDUUSDT,2023-04-28,,Binance fapi/v1/exchangeInfo; data.binance.vision monthly/daily klines HEAD probe
IDEXUSDT,2023-05-02,2024-05-15,Binance fapi/v1/exchangeInfo; data.binance.vision monthly/daily klines HEAD probe
SUIUSDT,2023-05-03,,Binance fapi/v1/exchangeInfo; data.binance.vision monthly/daily klines HEAD probe
1000PEPEUSDT,2023-05-05,,Binance fapi/v1/exchangeInfo; data.binance.vision monthly/daily klines HEAD probe
1000FLOKIUSDT,2023-05-06,,Binance fapi/v1/exchangeInfo; data.binance.vision monthly/daily klines HEAD probe
RADUSDT,2023-05-09,2024-05-14,Binance fapi/v1/exchangeInfo; data.binance.vision monthly/daily klines HEAD probe
UMAUSDT,2023-05-09,,Binance fapi/v1/exchangeInfo; data.binance.vision monthly/daily klines HEAD probe
KEYUSDT,2023-05-23,2024-12-03,Binance fapi/v1/exchangeInfo; data.binance.vision monthly/daily klines HEAD probe
COMBOUSDT,2023-06-02,2025-03-27,Binance fapi/v1/exchangeInfo; data.binance.vision monthly/daily klines HEAD probe
NMRUSDT,2023-06-22,,Binance fapi/v1/exchangeInfo; data.binance.vision monthly/daily klines HEAD probe
MAVUSDT,2023-06-29,,Binance fapi/v1/exchangeInfo; data.binance.vision monthly/daily klines HEAD probe
MDTUSDT,2023-06-30,2024-05-16,Binance fapi/v1/exchangeInfo; data.binance.vision monthly/daily klines HEAD probe
XVGUSDT,2023-07-05,,Binance fapi/v1/exchangeInfo; data.binance.vision monthly/daily klines HEAD probe
WLDUSDT,2023-07-24,,Binance fapi/v1/exchangeInfo; data.binance.vision monthly/daily klines HEAD probe
ARKMUSDT,2023-07-28,,Binance fapi/v1/exchangeInfo; data.binance.vision monthly/daily klines HEAD probe
PENDLEUSDT,2023-07-28,,Binance fapi/v1/exchangeInfo; data.binance.vision monthly/daily klines HEAD probe
AGLDUSDT,2023-07-29,,Binance fapi/v1/exchangeInfo; data.binance.vision monthly/daily klines HEAD probe
YGGUSDT,2023-08-05,,Binance fapi/v1/exchangeInfo; data.binance.vision monthly/daily klines HEAD probe
DODOXUSDT,2023-08-08,,Binance fapi/v1/exchangeInfo; data.binance.vision monthly/daily klines HEAD probe
BNTUSDT,2023-08-10,,Binance fapi/v1/exchangeInfo; data.binance.vision monthly/daily klines HEAD probe
OXTUSDT,2023-08-11,2026-04-15,Binance fapi/v1/exchangeInfo; data.binance.vision monthly/daily klines HEAD probe
SEIUSDT,2023-08-17,,Binance fapi/v1/exchangeInfo; data.binance.vision monthly/daily klines HEAD probe
CYBERUSDT,2023-08-21,,Binance fapi/v1/exchangeInfo; data.binance.vision monthly/daily klines HEAD probe
HIFIUSDT,2023-09-16,2025-10-03,Binance fapi/v1/exchangeInfo; data.binance.vision monthly/daily klines HEAD probe
ARKUSDT,2023-09-19,,Binance fapi/v1/exchangeInfo; data.binance.vision monthly/daily klines HEAD probe
GLMRUSDT,2023-09-26,2024-05-15,Binance fapi/v1/exchangeInfo; data.binance.vision monthly/daily klines HEAD probe
BICOUSDT,2023-09-28,,Binance fapi/v1/exchangeInfo; data.binance.vision monthly/daily klines HEAD probe
LOOMUSDT,2023-10-11,2024-12-09,Binance fapi/v1/exchangeInfo; data.binance.vision monthly/daily klines HEAD probe
STRAXUSDT,2023-10-11,2024-03-15,Binance fapi/v1/exchangeInfo; data.binance.vision monthly/daily klines HEAD probe
BIGTIMEUSDT,2023-10-12,,Binance fapi/v1/exchangeInfo; data.binance.vision monthly/daily klines HEAD probe
BONDUSDT,2023-10-15,2024-12-16,Binance fapi/v1/exchangeInfo; data.binance.vision monthly/daily klines HEAD probe
ORBSUSDT,2023-10-17,2024-12-09,Binance fapi/v1/exchangeInfo; data.binance.vision monthly/daily klines HEAD probe
STPTUSDT,2023-10-18,2024-05-13,Binance fapi/v1/exchangeInfo; data.binance.vision monthly/daily klines HEAD probe
WAXPUSDT,2023-10-18,,Binance fapi/v1/exchangeInfo; data.binance.vision monthly/daily klines HEAD probe
BSVUSDT,2023-10-20,,Binance fapi/v1/exchangeInfo; data.binance.vision monthly/daily klines HEAD probe
RIFUSDT,2023-10-21,,Binance fapi/v1/exchangeInfo; data.binance.vision monthly/daily klines HEAD probe
GASUSDT,2023-10-25,,Binance fapi/v1/exchangeInfo; data.binance.vision monthly/daily klines HEAD probe
POLYXUSDT,2023-10-25,,Binance fapi/v1/exchangeInfo; data.binance.vision monthly/daily klines HEAD probe
POWRUSDT,2023-10-27,,Binance fapi/v1/exchangeInfo; data.binance.vision monthly/daily klines HEAD probe
TIAUSDT,2023-10-31,,Binance fapi/v1/exchangeInfo; data.binance.vision monthly/daily klines HEAD probe
CAKEUSDT,2023-11-02,,Binance fapi/v1/exchangeInfo; data.binance.vision monthly/daily klines HEAD probe
SNTUSDT,2023-11-02,2024-05-13,Binance fapi/v1/exchangeInfo; data.binance.vision monthly/daily klines HEAD probe
MEMEUSDT,2023-11-03,,Binance fapi/v1/exchangeInfo; data.binance.vision monthly/daily klines HEAD probe
TOKENUSDT,2023-11-03,2025-12-05,Binance fapi/v1/exchangeInfo; data.binance.vision monthly/daily klines HEAD probe
TWTUSDT,2023-11-03,,Binance fapi/v1/exchangeInfo; data.binance.vision monthly/daily klines HEAD probe
ORDIUSDT,2023-11-07,,Binance fapi/v1/exchangeInfo; data.binance.vision monthly/daily klines HEAD probe
STEEMUSDT,2023-11-08,,Binance fapi/v1/exchangeInfo; data.binance.vision monthly/daily klines HEAD probe
BADGERUSDT,2023-11-09,2025-04-14,Binance fapi/v1/exchangeInfo; data.binance.vision monthly/daily klines HEAD probe
ILVUSDT,2023-11-10,,Binance fapi/v1/exchangeInfo; data.binance.vision monthly/daily klines HEAD probe
NTRNUSDT,2023-11-14,2026-03-24,Binance fapi/v1/exchangeInfo; data.binance.vision monthly/daily klines HEAD probe
BEAMXUSDT,2023-11-17,,Binance fapi/v1/exchangeInfo; data.binance.vision monthly/daily klines HEAD probe
KASUSDT,2023-11-17,,Binance fapi/v1/exchangeInfo; data.binance.vision monthly/daily klines HEAD probe
1000BONKUSDT,2023-11-22,,Binance fapi/v1/exchangeInfo; data.binance.vision monthly/daily klines HEAD probe
PYTHUSDT,2023-11-22,,Binance fapi/v1/exchangeInfo; data.binance.vision monthly/daily klines HEAD probe
SUPERUSDT,2023-11-26,,Binance fapi/v1/exchangeInfo; data.binance.vision monthly/daily klines HEAD probe
ONGUSDT,2023-11-27,,Binance fapi/v1/exchangeInfo; data.binance.vision monthly/daily klines HEAD probe
USTCUSDT,2023-11-27,,Binance fapi/v1/exchangeInfo; data.binance.vision monthly/daily klines HEAD probe
ETHWUSDT,2023-11-28,,Binance fapi/v1/exchangeInfo; data.binance.vision monthly/daily klines HEAD probe
JTOUSDT,2023-12-08,,Binance fapi/v1/exchangeInfo; data.binance.vision monthly/daily klines HEAD probe
1000SATSUSDT,2023-12-12,,Binance fapi/v1/exchangeInfo; data.binance.vision monthly/daily klines HEAD probe
1000RATSUSDT,2023-12-15,,Binance fapi/v1/exchangeInfo; data.binance.vision monthly/daily klines HEAD probe
AUCTIONUSDT,2023-12-15,,Binance fapi/v1/exchangeInfo; data.binance.vision monthly/daily klines HEAD probe
ACEUSDT,2023-12-18,,Binance fapi/v1/exchangeInfo; data.binance.vision monthly/daily klines HEAD probe
MOVRUSDT,2023-12-26,,Binance fapi/v1/exchangeInfo; data.binance.vision monthly/daily klines HEAD probe
NFPUSDT,2023-12-27,,Binance fapi/v1/exchangeInfo; data.binance.vision monthly/daily klines HEAD probe
AIUSDT,2024-01-08,2026-04-28,Binance fapi/v1/exchangeInfo; data.binance.vision monthly/daily klines HEAD probe
XAIUSDT,2024-01-09,,Binance fapi/v1/exchangeInfo; data.binance.vision monthly/daily klines HEAD probe
MANTAUSDT,2024-01-18,,Binance fapi/v1/exchangeInfo; data.binance.vision monthly/daily klines HEAD probe
WIFUSDT,2024-01-18,,Binance fapi/v1/exchangeInfo; data.binance.vision monthly/daily klines HEAD probe
ONDOUSDT,2024-01-20,,Binance fapi/v1/exchangeInfo; data.binance.vision monthly/daily klines HEAD probe
ALTUSDT,2024-01-25,,Binance fapi/v1/exchangeInfo; data.binance.vision monthly/daily klines HEAD probe
LSKUSDT,2024-01-25,,Binance fapi/v1/exchangeInfo; data.binance.vision monthly/daily klines HEAD probe
JUPUSDT,2024-01-31,,Binance fapi/v1/exchangeInfo; data.binance.vision monthly/daily klines HEAD probe
ZETAUSDT,2024-02-02,,Binance fapi/v1/exchangeInfo; data.binance.vision monthly/daily klines HEAD probe
RONINUSDT,2024-02-06,,Binance fapi/v1/exchangeInfo; data.binance.vision monthly/daily klines HEAD probe
DYMUSDT,2024-02-07,,Binance fapi/v1/exchangeInfo; data.binance.vision monthly/daily klines HEAD probe
OMUSDT,2024-02-13,2026-02-23,Binance fapi/v1/exchangeInfo; data.binance.vision monthly/daily klines HEAD probe
PIXELUSDT,2024-02-19,,Binance fapi/v1/exchangeInfo; data.binance.vision monthly/daily klines HEAD probe
STRKUSDT,2024-02-20,,Binance fapi/v1/exchangeInfo; data.binance.vision monthly/daily klines HEAD probe
GLMUSDT,2024-02-22,,Binance fapi/v1/exchangeInfo; data.binance.vision monthly/daily klines HEAD probe
PORTALUSDT,2024-02-29,,Binance fapi/v1/exchangeInfo; data.binance.vision monthly/daily klines HEAD probe
AXLUSDT,2024-03-01,,Binance fapi/v1/exchangeInfo; data.binance.vision monthly/daily klines HEAD probe
TONUSDT,2024-03-01,,Binance fapi/v1/exchangeInfo; data.binance.vision monthly/daily klines HEAD probe
MYROUSDT,2024-03-05,2025-11-14,Binance fapi/v1/exchangeInfo; data.binance.vision monthly/daily klines HEAD probe
METISUSDT,2024-03-12,,Binance fapi/v1/exchangeInfo; data.binance.vision monthly/daily klines HEAD probe
AEVOUSDT,2024-03-13,,Binance fapi/v1/exchangeInfo; data.binance.vision monthly/daily klines HEAD probe
VANRYUSDT,2024-03-13,,Binance fapi/v1/exchangeInfo; data.binance.vision monthly/daily klines HEAD probe
BOMEUSDT,2024-03-16,,Binance fapi/v1/exchangeInfo; data.binance.vision monthly/daily klines HEAD probe
ETHFIUSDT,2024-03-18,,Binance fapi/v1/exchangeInfo; data.binance.vision monthly/daily klines HEAD probe
ENAUSDT,2024-04-02,,Binance fapi/v1/exchangeInfo; data.binance.vision monthly/daily klines HEAD probe
WUSDT,2024-04-03,,Binance fapi/v1/exchangeInfo; data.binance.vision monthly/daily klines HEAD probe
TNSRUSDT,2024-04-08,,Binance fapi/v1/exchangeInfo; data.binance.vision monthly/daily klines HEAD probe
SAGAUSDT,2024-04-09,,Binance fapi/v1/exchangeInfo; data.binance.vision monthly/daily klines HEAD probe
TAOUSDT,2024-04-11,,Binance fapi/v1/exchangeInfo; data.binance.vision monthly/daily klines HEAD probe
OMNIUSDT,2024-04-17,2025-09-22,Binance fapi/v1/exchangeInfo; data.binance.vision monthly/daily klines HEAD probe
REZUSDT,2024-04-30,,Binance fapi/v1/exchangeInfo; data.binance.vision monthly/daily klines HEAD probe
BBUSDT,2024-05-13,,Binance fapi/v1/exchangeInfo; data.binance.vision monthly/daily klines HEAD probe
NOTUSDT,2024-05-16,,Binance fapi/v1/exchangeInfo; data.binance.vision monthly/daily klines HEAD probe
TURBOUSDT,2024-05-30,,Binance fapi/v1/exchangeInfo; data.binance.vision monthly/daily klines HEAD probe
IOUSDT,2024-06-11,,Binance fapi/v1/exchangeInfo; data.binance.vision monthly/daily klines HEAD probe
MEWUSDT,2024-06-17,,Binance fapi/v1/exchangeInfo; data.binance.vision monthly/daily klines HEAD probe
ZKUSDT,2024-06-17,,Binance fapi/v1/exchangeInfo; data.binance.vision monthly/daily klines HEAD probe
LISTAUSDT,2024-06-20,,Binance fapi/v1/exchangeInfo; data.binance.vision monthly/daily klines HEAD probe
ZROUSDT,2024-06-20,,Binance fapi/v1/exchangeInfo; data.binance.vision monthly/daily klines HEAD probe
RENDERUSDT,2024-07-26,,Binance fapi/v1/exchangeInfo; data.binance.vision monthly/daily klines HEAD probe
BANANAUSDT,2024-08-15,,Binance fapi/v1/exchangeInfo; data.binance.vision monthly/daily klines HEAD probe
GUSDT,2024-08-15,,Binance fapi/v1/exchangeInfo; data.binance.vision monthly/daily klines HEAD probe
RAREUSDT,2024-08-15,,Binance fapi/v1/exchangeInfo; data.binance.vision monthly/daily klines HEAD probe
SYNUSDT,2024-08-16,,Binance fapi/v1/exchangeInfo; data.binance.vision monthly/daily klines HEAD probe
SYSUSDT,2024-08-19,2026-05-19,Binance fapi/v1/exchangeInfo; data.binance.vision monthly/daily klines HEAD probe
BRETTUSDT,2024-08-20,,Binance fapi/v1/exchangeInfo; data.binance.vision monthly/daily klines HEAD probe
VOXELUSDT,2024-08-20,2025-12-10,Binance fapi/v1/exchangeInfo; data.binance.vision monthly/daily klines HEAD probe
ALPACAUSDT,2024-08-22,2025-04-30,Binance fapi/v1/exchangeInfo; data.binance.vision monthly/daily klines HEAD probe
POPCATUSDT,2024-08-22,,Binance fapi/v1/exchangeInfo; data.binance.vision monthly/daily klines HEAD probe
SUNUSDT,2024-08-22,,Binance fapi/v1/exchangeInfo; data.binance.vision monthly/daily klines HEAD probe
VIDTUSDT,2024-08-23,2025-04-14,Binance fapi/v1/exchangeInfo; data.binance.vision monthly/daily klines HEAD probe
DOGSUSDT,2024-08-26,,Binance fapi/v1/exchangeInfo; data.binance.vision monthly/daily klines HEAD probe
NULSUSDT,2024-08-26,2025-04-14,Binance fapi/v1/exchangeInfo; data.binance.vision monthly/daily klines HEAD probe
MBOXUSDT,2024-08-28,2026-06-11,Binance fapi/v1/exchangeInfo; data.binance.vision monthly/daily klines HEAD probe
CHESSUSDT,2024-08-29,2026-02-06,Binance fapi/v1/exchangeInfo; data.binance.vision monthly/daily klines HEAD probe
FLUXUSDT,2024-09-03,,Binance fapi/v1/exchangeInfo; data.binance.vision monthly/daily klines HEAD probe
BSWUSDT,2024-09-05,2025-09-15,Binance fapi/v1/exchangeInfo; data.binance.vision monthly/daily klines HEAD probe
NEIROETHUSDT,2024-09-06,2025-09-26,Binance fapi/v1/exchangeInfo; data.binance.vision monthly/daily klines HEAD probe
QUICKUSDT,2024-09-06,2025-11-28,Binance fapi/v1/exchangeInfo; data.binance.vision monthly/daily klines HEAD probe
RPLUSDT,2024-09-09,,Binance fapi/v1/exchangeInfo; data.binance.vision monthly/daily klines HEAD probe
POLUSDT,2024-09-13,,Binance fapi/v1/exchangeInfo; data.binance.vision monthly/daily klines HEAD probe
UXLINKUSDT,2024-09-15,2025-09-26,Binance fapi/v1/exchangeInfo; data.binance.vision monthly/daily klines HEAD probe
1MBABYDOGEUSDT,2024-09-16,,Binance fapi/v1/exchangeInfo; data.binance.vision monthly/daily klines HEAD probe
NEIROUSDT,2024-09-16,,Binance fapi/v1/exchangeInfo; data.binance.vision monthly/daily klines HEAD probe
KDAUSDT,2024-09-18,2025-11-06,Binance fapi/v1/exchangeInfo; data.binance.vision monthly/daily klines HEAD probe
FIDAUSDT,2024-09-19,,Binance fapi/v1/exchangeInfo; data.binance.vision monthly/daily klines HEAD probe
CATIUSDT,2024-09-20,,Binance fapi/v1/exchangeInfo; data.binance.vision monthly/daily klines HEAD probe
FIOUSDT,2024-09-20,2026-04-15,Binance fapi/v1/exchangeInfo; data.binance.vision monthly/daily klines HEAD probe
GHSTUSDT,2024-09-23,2026-02-06,Binance fapi/v1/exchangeInfo; data.binance.vision monthly/daily klines HEAD probe
LOKAUSDT,2024-09-24,2025-07-21,Binance fapi/v1/exchangeInfo; data.binance.vision monthly/daily klines HEAD probe
HMSTRUSDT,2024-09-26,,Binance fapi/v1/exchangeInfo; data.binance.vision monthly/daily klines HEAD probe
REIUSDT,2024-09-27,2025-12-10,Binance fapi/v1/exchangeInfo; data.binance.vision monthly/daily klines HEAD probe
COSUSDT,2024-09-30,2026-06-11,Binance fapi/v1/exchangeInfo; data.binance.vision monthly/daily klines HEAD probe
EIGENUSDT,2024-10-01,,Binance fapi/v1/exchangeInfo; data.binance.vision monthly/daily klines HEAD probe
DIAUSDT,2024-10-02,,Binance fapi/v1/exchangeInfo; data.binance.vision monthly/daily klines HEAD probe
1000CATUSDT,2024-10-21,,Binance fapi/v1/exchangeInfo; data.binance.vision monthly/daily klines HEAD probe
SCRUSDT,2024-10-22,,Binance fapi/v1/exchangeInfo; data.binance.vision monthly/daily klines HEAD probe
GOATUSDT,2024-10-24,,Binance fapi/v1/exchangeInfo; data.binance.vision monthly/daily klines HEAD probe
MOODENGUSDT,2024-10-25,,Binance fapi/v1/exchangeInfo; data.binance.vision monthly/daily klines HEAD probe
SAFEUSDT,2024-10-25,,Binance fapi/v1/exchangeInfo; data.binance.vision monthly/daily klines HEAD probe
SANTOSUSDT,2024-10-28,,Binance fapi/v1/exchangeInfo; data.binance.vision monthly/daily klines HEAD probe
TROYUSDT,2024-10-31,2025-04-14,Binance fapi/v1/exchangeInfo; data.binance.vision monthly/daily klines HEAD probe
PONKEUSDT,2024-11-04,2025-11-28,Binance fapi/v1/exchangeInfo; data.binance.vision monthly/daily klines HEAD probe
CETUSUSDT,2024-11-06,,Binance fapi/v1/exchangeInfo; data.binance.vision monthly/daily klines HEAD probe
COWUSDT,2024-11-06,,Binance fapi/v1/exchangeInfo; data.binance.vision monthly/daily klines HEAD probe
1000000MOGUSDT,2024-11-07,,Binance fapi/v1/exchangeInfo; data.binance.vision monthly/daily klines HEAD probe
DRIFTUSDT,2024-11-08,,Binance fapi/v1/exchangeInfo; data.binance.vision monthly/daily klines HEAD probe
GRASSUSDT,2024-11-08,,Binance fapi/v1/exchangeInfo; data.binance.vision monthly/daily klines HEAD probe
SWELLUSDT,2024-11-08,2025-11-28,Binance fapi/v1/exchangeInfo; data.binance.vision monthly/daily klines HEAD probe
ACTUSDT,2024-11-11,,Binance fapi/v1/exchangeInfo; data.binance.vision monthly/daily klines HEAD probe
PNUTUSDT,2024-11-11,,Binance fapi/v1/exchangeInfo; data.binance.vision monthly/daily klines HEAD probe
1000XUSDT,2024-11-13,2025-11-14,Binance fapi/v1/exchangeInfo; data.binance.vision monthly/daily klines HEAD probe
HIPPOUSDT,2024-11-13,2026-04-08,Binance fapi/v1/exchangeInfo; data.binance.vision monthly/daily klines HEAD probe
DEGENUSDT,2024-11-15,2026-04-28,Binance fapi/v1/exchangeInfo; data.binance.vision monthly/daily klines HEAD probe
AKTUSDT,2024-11-18,,Binance fapi/v1/exchangeInfo; data.binance.vision monthly/daily klines HEAD probe
BANUSDT,2024-11-18,,Binance fapi/v1/exchangeInfo; data.binance.vision monthly/daily klines HEAD probe
SCRTUSDT,2024-11-21,,Binance fapi/v1/exchangeInfo; data.binance.vision monthly/daily klines HEAD probe
SLERFUSDT,2024-11-21,2025-10-20,Binance fapi/v1/exchangeInfo; data.binance.vision monthly/daily klines HEAD probe
1000CHEEMSUSDT,2024-11-25,,Binance fapi/v1/exchangeInfo; data.binance.vision monthly/daily klines HEAD probe
1000WHYUSDT,2024-11-25,2026-03-17,Binance fapi/v1/exchangeInfo; data.binance.vision monthly/daily klines HEAD probe
CHILLGUYUSDT,2024-11-27,,Binance fapi/v1/exchangeInfo; data.binance.vision monthly/daily klines HEAD probe
MORPHOUSDT,2024-11-27,,Binance fapi/v1/exchangeInfo; data.binance.vision monthly/daily klines HEAD probe
THEUSDT,2024-11-27,,Binance fapi/v1/exchangeInfo; data.binance.vision monthly/daily klines HEAD probe
AEROUSDT,2024-12-04,,Binance fapi/v1/exchangeInfo; data.binance.vision monthly/daily klines HEAD probe
KAIAUSDT,2024-12-04,,Binance fapi/v1/exchangeInfo; data.binance.vision monthly/daily klines HEAD probe
ACXUSDT,2024-12-06,,Binance fapi/v1/exchangeInfo; data.binance.vision monthly/daily klines HEAD probe
ORCAUSDT,2024-12-06,,Binance fapi/v1/exchangeInfo; data.binance.vision monthly/daily klines HEAD probe
MOVEUSDT,2024-12-09,,Binance fapi/v1/exchangeInfo; data.binance.vision monthly/daily klines HEAD probe
KOMAUSDT,2024-12-10,,Binance fapi/v1/exchangeInfo; data.binance.vision monthly/daily klines HEAD probe
MEUSDT,2024-12-10,,Binance fapi/v1/exchangeInfo; data.binance.vision monthly/daily klines HEAD probe
RAYSOLUSDT,2024-12-10,,Binance fapi/v1/exchangeInfo; data.binance.vision monthly/daily klines HEAD probe
SPXUSDT,2024-12-10,,Binance fapi/v1/exchangeInfo; data.binance.vision monthly/daily klines HEAD probe
VIRTUALUSDT,2024-12-10,,Binance fapi/v1/exchangeInfo; data.binance.vision monthly/daily klines HEAD probe
AVAUSDT,2024-12-13,,Binance fapi/v1/exchangeInfo; data.binance.vision monthly/daily klines HEAD probe
DEGOUSDT,2024-12-13,2026-04-21,Binance fapi/v1/exchangeInfo; data.binance.vision monthly/daily klines HEAD probe
VELODROMEUSDT,2024-12-13,,Binance fapi/v1/exchangeInfo; data.binance.vision monthly/daily klines HEAD probe
MOCAUSDT,2024-12-16,,Binance fapi/v1/exchangeInfo; data.binance.vision monthly/daily klines HEAD probe
VANAUSDT,2024-12-16,,Binance fapi/v1/exchangeInfo; data.binance.vision monthly/daily klines HEAD probe
PENGUUSDT,2024-12-17,,Binance fapi/v1/exchangeInfo; data.binance.vision monthly/daily klines HEAD probe
LUMIAUSDT,2024-12-18,,Binance fapi/v1/exchangeInfo; data.binance.vision monthly/daily klines HEAD probe
USUALUSDT,2024-12-18,,Binance fapi/v1/exchangeInfo; data.binance.vision monthly/daily klines HEAD probe
AIXBTUSDT,2024-12-20,,Binance fapi/v1/exchangeInfo; data.binance.vision monthly/daily klines HEAD probe
CGPTUSDT,2024-12-20,,Binance fapi/v1/exchangeInfo; data.binance.vision monthly/daily klines HEAD probe
FARTCOINUSDT,2024-12-20,,Binance fapi/v1/exchangeInfo; data.binance.vision monthly/daily klines HEAD probe
KMNOUSDT,2024-12-20,,Binance fapi/v1/exchangeInfo; data.binance.vision monthly/daily klines HEAD probe
HIVEUSDT,2024-12-23,,Binance fapi/v1/exchangeInfo; data.binance.vision monthly/daily klines HEAD probe
DEXEUSDT,2024-12-24,,Binance fapi/v1/exchangeInfo; data.binance.vision monthly/daily klines HEAD probe
DFUSDT,2024-12-30,2026-02-06,Binance fapi/v1/exchangeInfo; data.binance.vision monthly/daily klines HEAD probe
PHAUSDT,2024-12-30,,Binance fapi/v1/exchangeInfo; data.binance.vision monthly/daily klines HEAD probe
AI16ZUSDT,2025-01-02,2025-11-06,Binance fapi/v1/exchangeInfo; data.binance.vision monthly/daily klines HEAD probe
GRIFFAINUSDT,2025-01-02,,Binance fapi/v1/exchangeInfo; data.binance.vision monthly/daily klines HEAD probe
ZEREBROUSDT,2025-01-02,,Binance fapi/v1/exchangeInfo; data.binance.vision monthly/daily klines HEAD probe
BIOUSDT,2025-01-03,,Binance fapi/v1/exchangeInfo; data.binance.vision monthly/daily klines HEAD probe
ALCHUSDT,2025-01-07,,Binance fapi/v1/exchangeInfo; data.binance.vision monthly/daily klines HEAD probe
COOKIEUSDT,2025-01-07,,Binance fapi/v1/exchangeInfo; data.binance.vision monthly/daily klines HEAD probe
SWARMSUSDT,2025-01-07,,Binance fapi/v1/exchangeInfo; data.binance.vision monthly/daily klines HEAD probe
SONICUSDT,2025-01-08,,Binance fapi/v1/exchangeInfo; data.binance.vision monthly/daily klines HEAD probe
DUSDT,2025-01-09,2026-06-11,Binance fapi/v1/exchangeInfo; data.binance.vision monthly/daily klines HEAD probe
PROMUSDT,2025-01-15,,Binance fapi/v1/exchangeInfo; data.binance.vision monthly/daily klines HEAD probe
SUSDT,2025-01-16,,Binance fapi/v1/exchangeInfo; data.binance.vision monthly/daily klines HEAD probe
ARCUSDT,2025-01-17,,Binance fapi/v1/exchangeInfo; data.binance.vision monthly/daily klines HEAD probe
AVAAIUSDT,2025-01-17,,Binance fapi/v1/exchangeInfo; data.binance.vision monthly/daily klines HEAD probe
SOLVUSDT,2025-01-17,,Binance fapi/v1/exchangeInfo; data.binance.vision monthly/daily klines HEAD probe
TRUMPUSDT,2025-01-18,,Binance fapi/v1/exchangeInfo; data.binance.vision monthly/daily klines HEAD probe
MELANIAUSDT,2025-01-20,,Binance fapi/v1/exchangeInfo; data.binance.vision monthly/daily klines HEAD probe
VTHOUSDT,2025-01-22,,Binance fapi/v1/exchangeInfo; data.binance.vision monthly/daily klines HEAD probe
ANIMEUSDT,2025-01-23,,Binance fapi/v1/exchangeInfo; data.binance.vision monthly/daily klines HEAD probe
PIPPINUSDT,2025-01-24,,Binance fapi/v1/exchangeInfo; data.binance.vision monthly/daily klines HEAD probe
VINEUSDT,2025-01-24,2026-04-28,Binance fapi/v1/exchangeInfo; data.binance.vision monthly/daily klines HEAD probe
VVVUSDT,2025-01-29,,Binance fapi/v1/exchangeInfo; data.binance.vision monthly/daily klines HEAD probe
BERAUSDT,2025-02-06,,Binance fapi/v1/exchangeInfo; data.binance.vision monthly/daily klines HEAD probe
TSTUSDT,2025-02-09,,Binance fapi/v1/exchangeInfo; data.binance.vision monthly/daily klines HEAD probe
LAYERUSDT,2025-02-11,,Binance fapi/v1/exchangeInfo; data.binance.vision monthly/daily klines HEAD probe
B3USDT,2025-02-13,2026-04-28,Binance fapi/v1/exchangeInfo; data.binance.vision monthly/daily klines HEAD probe
HEIUSDT,2025-02-13,,Binance fapi/v1/exchangeInfo; data.binance.vision monthly/daily klines HEAD probe
IPUSDT,2025-02-13,,Binance fapi/v1/exchangeInfo; data.binance.vision monthly/daily klines HEAD probe
GPSUSDT,2025-02-17,,Binance fapi/v1/exchangeInfo; data.binance.vision monthly/daily klines HEAD probe
SHELLUSDT,2025-02-17,,Binance fapi/v1/exchangeInfo; data.binance.vision monthly/daily klines HEAD probe
KAITOUSDT,2025-02-20,,Binance fapi/v1/exchangeInfo; data.binance.vision monthly/daily klines HEAD probe
REDUSDT,2025-03-06,,Binance fapi/v1/exchangeInfo; data.binance.vision monthly/daily klines HEAD probe
VICUSDT,2025-03-12,,Binance fapi/v1/exchangeInfo; data.binance.vision monthly/daily klines HEAD probe
EPICUSDT,2025-03-13,,Binance fapi/v1/exchangeInfo; data.binance.vision monthly/daily klines HEAD probe
BMTUSDT,2025-03-17,,Binance fapi/v1/exchangeInfo; data.binance.vision monthly/daily klines HEAD probe
MUBARAKUSDT,2025-03-17,,Binance fapi/v1/exchangeInfo; data.binance.vision monthly/daily klines HEAD probe
FORMUSDT,2025-03-19,,Binance fapi/v1/exchangeInfo; data.binance.vision monthly/daily klines HEAD probe
BIDUSDT,2025-03-20,2026-01-21,Binance fapi/v1/exchangeInfo; data.binance.vision monthly/daily klines HEAD probe
TUTUSDT,2025-03-20,,Binance fapi/v1/exchangeInfo; data.binance.vision monthly/daily klines HEAD probe
BROCCOLI714USDT,2025-03-21,,Binance fapi/v1/exchangeInfo; data.binance.vision monthly/daily klines HEAD probe
BROCCOLIF3BUSDT,2025-03-21,,Binance fapi/v1/exchangeInfo; data.binance.vision monthly/daily klines HEAD probe
BRUSDT,2025-03-21,,Binance fapi/v1/exchangeInfo; data.binance.vision monthly/daily klines HEAD probe
PLUMEUSDT,2025-03-21,,Binance fapi/v1/exchangeInfo; data.binance.vision monthly/daily klines HEAD probe
BANANAS31USDT,2025-03-22,,Binance fapi/v1/exchangeInfo; data.binance.vision monthly/daily klines HEAD probe
SIRENUSDT,2025-03-22,,Binance fapi/v1/exchangeInfo; data.binance.vision monthly/daily klines HEAD probe
NILUSDT,2025-03-24,,Binance fapi/v1/exchangeInfo; data.binance.vision monthly/daily klines HEAD probe
PARTIUSDT,2025-03-25,,Binance fapi/v1/exchangeInfo; data.binance.vision monthly/daily klines HEAD probe
JELLYJELLYUSDT,2025-03-26,,Binance fapi/v1/exchangeInfo; data.binance.vision monthly/daily klines HEAD probe
MAVIAUSDT,2025-03-26,,Binance fapi/v1/exchangeInfo; data.binance.vision monthly/daily klines HEAD probe
PAXGUSDT,2025-03-27,,Binance fapi/v1/exchangeInfo; data.binance.vision monthly/daily klines HEAD probe
WALUSDT,2025-03-27,,Binance fapi/v1/exchangeInfo; data.binance.vision monthly/daily klines HEAD probe
FUNUSDT,2025-03-31,2026-04-15,Binance fapi/v1/exchangeInfo; data.binance.vision monthly/daily klines HEAD probe
GUNUSDT,2025-03-31,,Binance fapi/v1/exchangeInfo; data.binance.vision monthly/daily klines HEAD probe
MLNUSDT,2025-03-31,2026-05-19,Binance fapi/v1/exchangeInfo; data.binance.vision monthly/daily klines HEAD probe
ATHUSDT,2025-04-02,,Binance fapi/v1/exchangeInfo; data.binance.vision monthly/daily klines HEAD probe
BABYUSDT,2025-04-05,,Binance fapi/v1/exchangeInfo; data.binance.vision monthly/daily klines HEAD probe
FORTHUSDT,2025-04-08,2026-03-24,Binance fapi/v1/exchangeInfo; data.binance.vision monthly/daily klines HEAD probe
PROMPTUSDT,2025-04-11,,Binance fapi/v1/exchangeInfo; data.binance.vision monthly/daily klines HEAD probe
XCNUSDT,2025-04-11,2025-11-21,Binance fapi/v1/exchangeInfo; data.binance.vision monthly/daily klines HEAD probe
FHEUSDT,2025-04-12,,Binance fapi/v1/exchangeInfo; data.binance.vision monthly/daily klines HEAD probe
STOUSDT,2025-04-12,,Binance fapi/v1/exchangeInfo; data.binance.vision monthly/daily klines HEAD probe
KERNELUSDT,2025-04-14,,Binance fapi/v1/exchangeInfo; data.binance.vision monthly/daily klines HEAD probe
WCTUSDT,2025-04-15,,Binance fapi/v1/exchangeInfo; data.binance.vision monthly/daily klines HEAD probe
AERGOUSDT,2025-04-16,,Binance fapi/v1/exchangeInfo; data.binance.vision monthly/daily klines HEAD probe
INITUSDT,2025-04-16,,Binance fapi/v1/exchangeInfo; data.binance.vision monthly/daily klines HEAD probe
BANKUSDT,2025-04-18,,Binance fapi/v1/exchangeInfo; data.binance.vision monthly/daily klines HEAD probe
EPTUSDT,2025-04-21,2026-01-30,Binance fapi/v1/exchangeInfo; data.binance.vision monthly/daily klines HEAD probe
DEEPUSDT,2025-04-22,,Binance fapi/v1/exchangeInfo; data.binance.vision monthly/daily klines HEAD probe
HYPERUSDT,2025-04-22,,Binance fapi/v1/exchangeInfo; data.binance.vision monthly/daily klines HEAD probe
FISUSDT,2025-04-25,2025-12-10,Binance fapi/v1/exchangeInfo; data.binance.vision monthly/daily klines HEAD probe
MEMEFIUSDT,2025-04-25,2025-08-11,Binance fapi/v1/exchangeInfo; data.binance.vision monthly/daily klines HEAD probe
JSTUSDT,2025-04-28,,Binance fapi/v1/exchangeInfo; data.binance.vision monthly/daily klines HEAD probe
SIGNUSDT,2025-04-28,,Binance fapi/v1/exchangeInfo; data.binance.vision monthly/daily klines HEAD probe
AIOTUSDT,2025-04-30,,Binance fapi/v1/exchangeInfo; data.binance.vision monthly/daily klines HEAD probe
CTKUSDT,2025-04-30,,Binance fapi/v1/exchangeInfo; data.binance.vision monthly/daily klines HEAD probe
PUNDIXUSDT,2025-04-30,,Binance fapi/v1/exchangeInfo; data.binance.vision monthly/daily klines HEAD probe
DOLOUSDT,2025-05-01,,Binance fapi/v1/exchangeInfo; data.binance.vision monthly/daily klines HEAD probe
HAEDALUSDT,2025-05-01,,Binance fapi/v1/exchangeInfo; data.binance.vision monthly/daily klines HEAD probe
SXTUSDT,2025-05-02,,Binance fapi/v1/exchangeInfo; data.binance.vision monthly/daily klines HEAD probe
ALPINEUSDT,2025-05-06,,Binance fapi/v1/exchangeInfo; data.binance.vision monthly/daily klines HEAD probe
ASRUSDT,2025-05-06,,Binance fapi/v1/exchangeInfo; data.binance.vision monthly/daily klines HEAD probe
B2USDT,2025-05-06,,Binance fapi/v1/exchangeInfo; data.binance.vision monthly/daily klines HEAD probe
MILKUSDT,2025-05-06,2025-12-05,Binance fapi/v1/exchangeInfo; data.binance.vision monthly/daily klines HEAD probe
OBOLUSDT,2025-05-07,2025-12-05,Binance fapi/v1/exchangeInfo; data.binance.vision monthly/daily klines HEAD probe
SYRUPUSDT,2025-05-07,,Binance fapi/v1/exchangeInfo; data.binance.vision monthly/daily klines HEAD probe
DOODUSDT,2025-05-09,,Binance fapi/v1/exchangeInfo; data.binance.vision monthly/daily klines HEAD probe
OGUSDT,2025-05-12,,Binance fapi/v1/exchangeInfo; data.binance.vision monthly/daily klines HEAD probe
SKYAIUSDT,2025-05-13,,Binance fapi/v1/exchangeInfo; data.binance.vision monthly/daily klines HEAD probe
ZKJUSDT,2025-05-13,2026-04-29,Binance fapi/v1/exchangeInfo; data.binance.vision monthly/daily klines HEAD probe
NXPCUSDT,2025-05-15,,Binance fapi/v1/exchangeInfo; data.binance.vision monthly/daily klines HEAD probe
CVCUSDT,2025-05-16,,Binance fapi/v1/exchangeInfo; data.binance.vision monthly/daily klines HEAD probe
AGTUSDT,2025-05-20,,Binance fapi/v1/exchangeInfo; data.binance.vision monthly/daily klines HEAD probe
AWEUSDT,2025-05-21,,Binance fapi/v1/exchangeInfo; data.binance.vision monthly/daily klines HEAD probe
BUSDT,2025-05-22,,Binance fapi/v1/exchangeInfo; data.binance.vision monthly/daily klines HEAD probe
SOONUSDT,2025-05-23,,Binance fapi/v1/exchangeInfo; data.binance.vision monthly/daily klines HEAD probe
HUMAUSDT,2025-05-26,,Binance fapi/v1/exchangeInfo; data.binance.vision monthly/daily klines HEAD probe
AUSDT,2025-05-28,,Binance fapi/v1/exchangeInfo; data.binance.vision monthly/daily klines HEAD probe
SOPHUSDT,2025-05-28,,Binance fapi/v1/exchangeInfo; data.binance.vision monthly/daily klines HEAD probe
MERLUSDT,2025-05-29,,Binance fapi/v1/exchangeInfo; data.binance.vision monthly/daily klines HEAD probe
HYPEUSDT,2025-05-30,,Binance fapi/v1/exchangeInfo; data.binance.vision monthly/daily klines HEAD probe
PORT3USDT,2025-06-04,2025-11-23,Binance fapi/v1/exchangeInfo; data.binance.vision monthly/daily klines HEAD probe
PUFFERUSDT,2025-06-04,2026-04-08,Binance fapi/v1/exchangeInfo; data.binance.vision monthly/daily klines HEAD probe
1000000BOBUSDT,2025-06-05,,Binance fapi/v1/exchangeInfo; data.binance.vision monthly/daily klines HEAD probe
LAUSDT,2025-06-05,,Binance fapi/v1/exchangeInfo; data.binance.vision monthly/daily klines HEAD probe
SKATEUSDT,2025-06-09,2025-12-10,Binance fapi/v1/exchangeInfo; data.binance.vision monthly/daily klines HEAD probe
HOMEUSDT,2025-06-10,,Binance fapi/v1/exchangeInfo; data.binance.vision monthly/daily klines HEAD probe
RESOLVUSDT,2025-06-10,,Binance fapi/v1/exchangeInfo; data.binance.vision monthly/daily klines HEAD probe
SQDUSDT,2025-06-11,,Binance fapi/v1/exchangeInfo; data.binance.vision monthly/daily klines HEAD probe
TAIKOUSDT,2025-06-11,,Binance fapi/v1/exchangeInfo; data.binance.vision monthly/daily klines HEAD probe
PUMPBTCUSDT,2025-06-13,,Binance fapi/v1/exchangeInfo; data.binance.vision monthly/daily klines HEAD probe
SPKUSDT,2025-06-17,,Binance fapi/v1/exchangeInfo; data.binance.vision monthly/daily klines HEAD probe
FUSDT,2025-06-18,,Binance fapi/v1/exchangeInfo; data.binance.vision monthly/daily klines HEAD probe
MYXUSDT,2025-06-18,,Binance fapi/v1/exchangeInfo; data.binance.vision monthly/daily klines HEAD probe
NEWTUSDT,2025-06-19,,Binance fapi/v1/exchangeInfo; data.binance.vision monthly/daily klines HEAD probe
DMCUSDT,2025-06-24,2026-01-21,Binance fapi/v1/exchangeInfo; data.binance.vision monthly/daily klines HEAD probe
HUSDT,2025-06-25,,Binance fapi/v1/exchangeInfo; data.binance.vision monthly/daily klines HEAD probe
OLUSDT,2025-06-25,2026-04-08,Binance fapi/v1/exchangeInfo; data.binance.vision monthly/daily klines HEAD probe
SAHARAUSDT,2025-06-26,,Binance fapi/v1/exchangeInfo; data.binance.vision monthly/daily klines HEAD probe
ICNTUSDT,2025-07-03,,Binance fapi/v1/exchangeInfo; data.binance.vision monthly/daily klines HEAD probe
BULLAUSDT,2025-07-04,,Binance fapi/v1/exchangeInfo; data.binance.vision monthly/daily klines HEAD probe
IDOLUSDT,2025-07-04,,Binance fapi/v1/exchangeInfo; data.binance.vision monthly/daily klines HEAD probe
MUSDT,2025-07-07,,Binance fapi/v1/exchangeInfo; data.binance.vision monthly/daily klines HEAD probe
TANSSIUSDT,2025-07-09,2026-01-21,Binance fapi/v1/exchangeInfo; data.binance.vision monthly/daily klines HEAD probe
AINUSDT,2025-07-10,,Binance fapi/v1/exchangeInfo; data.binance.vision monthly/daily klines HEAD probe
CROSSUSDT,2025-07-10,,Binance fapi/v1/exchangeInfo; data.binance.vision monthly/daily klines HEAD probe
PUMPUSDT,2025-07-10,,Binance fapi/v1/exchangeInfo; data.binance.vision monthly/daily klines HEAD probe
CUSDT,2025-07-15,,Binance fapi/v1/exchangeInfo; data.binance.vision monthly/daily klines HEAD probe
TACUSDT,2025-07-15,,Binance fapi/v1/exchangeInfo; data.binance.vision monthly/daily klines HEAD probe
VELVETUSDT,2025-07-15,,Binance fapi/v1/exchangeInfo; data.binance.vision monthly/daily klines HEAD probe
ERAUSDT,2025-07-17,,Binance fapi/v1/exchangeInfo; data.binance.vision monthly/daily klines HEAD probe
TAUSDT,2025-07-21,,Binance fapi/v1/exchangeInfo; data.binance.vision monthly/daily klines HEAD probe
CVXUSDT,2025-07-23,,Binance fapi/v1/exchangeInfo; data.binance.vision monthly/daily klines HEAD probe
SLPUSDT,2025-07-23,,Binance fapi/v1/exchangeInfo; data.binance.vision monthly/daily klines HEAD probe
TAGUSDT,2025-07-25,,Binance fapi/v1/exchangeInfo; data.binance.vision monthly/daily klines HEAD probe
ZORAUSDT,2025-07-25,,Binance fapi/v1/exchangeInfo; data.binance.vision monthly/daily klines HEAD probe
ESPORTSUSDT,2025-07-29,,Binance fapi/v1/exchangeInfo; data.binance.vision monthly/daily klines HEAD probe
TREEUSDT,2025-07-29,,Binance fapi/v1/exchangeInfo; data.binance.vision monthly/daily klines HEAD probe
ZRCUSDT,2025-07-29,2026-01-21,Binance fapi/v1/exchangeInfo; data.binance.vision monthly/daily klines HEAD probe
A2ZUSDT,2025-07-30,2026-03-24,Binance fapi/v1/exchangeInfo; data.binance.vision monthly/daily klines HEAD probe
NAORISUSDT,2025-07-31,,Binance fapi/v1/exchangeInfo; data.binance.vision monthly/daily klines HEAD probe
PLAYUSDT,2025-07-31,,Binance fapi/v1/exchangeInfo; data.binance.vision monthly/daily klines HEAD probe
PROVEUSDT,2025-08-05,,Binance fapi/v1/exchangeInfo; data.binance.vision monthly/daily klines HEAD probe
TOWNSUSDT,2025-08-05,,Binance fapi/v1/exchangeInfo; data.binance.vision monthly/daily klines HEAD probe
ALLUSDT,2025-08-06,,Binance fapi/v1/exchangeInfo; data.binance.vision monthly/daily klines HEAD probe
CARVUSDT,2025-08-07,,Binance fapi/v1/exchangeInfo; data.binance.vision monthly/daily klines HEAD probe
INUSDT,2025-08-07,,Binance fapi/v1/exchangeInfo; data.binance.vision monthly/daily klines HEAD probe
YALAUSDT,2025-08-07,2026-02-10,Binance fapi/v1/exchangeInfo; data.binance.vision monthly/daily klines HEAD probe
AIOUSDT,2025-08-13,,Binance fapi/v1/exchangeInfo; data.binance.vision monthly/daily klines HEAD probe
XNYUSDT,2025-08-13,,Binance fapi/v1/exchangeInfo; data.binance.vision monthly/daily klines HEAD probe
USELESSUSDT,2025-08-15,,Binance fapi/v1/exchangeInfo; data.binance.vision monthly/daily klines HEAD probe
DAMUSDT,2025-08-18,2026-04-29,Binance fapi/v1/exchangeInfo; data.binance.vision monthly/daily klines HEAD probe
CUDISUSDT,2025-08-20,2026-01-30,Binance fapi/v1/exchangeInfo; data.binance.vision monthly/daily klines HEAD probe
SAPIENUSDT,2025-08-20,,Binance fapi/v1/exchangeInfo; data.binance.vision monthly/daily klines HEAD probe
XPLUSDT,2025-08-22,,Binance fapi/v1/exchangeInfo; data.binance.vision monthly/daily klines HEAD probe
WLFIUSDT,2025-08-23,,Binance fapi/v1/exchangeInfo; data.binance.vision monthly/daily klines HEAD probe
SOMIUSDT,2025-08-25,,Binance fapi/v1/exchangeInfo; data.binance.vision monthly/daily klines HEAD probe
BASUSDT,2025-08-26,,Binance fapi/v1/exchangeInfo; data.binance.vision monthly/daily klines HEAD probe
BTRUSDT,2025-08-27,,Binance fapi/v1/exchangeInfo; data.binance.vision monthly/daily klines HEAD probe
MITOUSDT,2025-08-28,,Binance fapi/v1/exchangeInfo; data.binance.vision monthly/daily klines HEAD probe
HEMIUSDT,2025-08-29,,Binance fapi/v1/exchangeInfo; data.binance.vision monthly/daily klines HEAD probe
LINEAUSDT,2025-09-01,,Binance fapi/v1/exchangeInfo; data.binance.vision monthly/daily klines HEAD probe
QUSDT,2025-09-02,,Binance fapi/v1/exchangeInfo; data.binance.vision monthly/daily klines HEAD probe
ARIAUSDT,2025-09-03,,Binance fapi/v1/exchangeInfo; data.binance.vision monthly/daily klines HEAD probe
PTBUSDT,2025-09-03,,Binance fapi/v1/exchangeInfo; data.binance.vision monthly/daily klines HEAD probe
TAKEUSDT,2025-09-03,,Binance fapi/v1/exchangeInfo; data.binance.vision monthly/daily klines HEAD probe
OPENUSDT,2025-09-08,,Binance fapi/v1/exchangeInfo; data.binance.vision monthly/daily klines HEAD probe
AVNTUSDT,2025-09-09,,Binance fapi/v1/exchangeInfo; data.binance.vision monthly/daily klines HEAD probe
FLOCKUSDT,2025-09-09,,Binance fapi/v1/exchangeInfo; data.binance.vision monthly/daily klines HEAD probe
SKYUSDT,2025-09-09,,Binance fapi/v1/exchangeInfo; data.binance.vision monthly/daily klines HEAD probe
HOLOUSDT,2025-09-11,,Binance fapi/v1/exchangeInfo; data.binance.vision monthly/daily klines HEAD probe
UBUSDT,2025-09-12,,Binance fapi/v1/exchangeInfo; data.binance.vision monthly/daily klines HEAD probe
XPINUSDT,2025-09-12,,Binance fapi/v1/exchangeInfo; data.binance.vision monthly/daily klines HEAD probe
ZKCUSDT,2025-09-15,,Binance fapi/v1/exchangeInfo; data.binance.vision monthly/daily klines HEAD probe
0GUSDT,2025-09-17,,Binance fapi/v1/exchangeInfo; data.binance.vision monthly/daily klines HEAD probe
STBLUSDT,2025-09-17,,Binance fapi/v1/exchangeInfo; data.binance.vision monthly/daily klines HEAD probe
TOSHIUSDT,2025-09-17,,Binance fapi/v1/exchangeInfo; data.binance.vision monthly/daily klines HEAD probe
BARDUSDT,2025-09-18,,Binance fapi/v1/exchangeInfo; data.binance.vision monthly/daily klines HEAD probe
ASTERUSDT,2025-09-19,,Binance fapi/v1/exchangeInfo; data.binance.vision monthly/daily klines HEAD probe
TRADOORUSDT,2025-09-19,,Binance fapi/v1/exchangeInfo; data.binance.vision monthly/daily klines HEAD probe
BLESSUSDT,2025-09-23,,Binance fapi/v1/exchangeInfo; data.binance.vision monthly/daily klines HEAD probe
FLUIDUSDT,2025-09-24,,Binance fapi/v1/exchangeInfo; data.binance.vision monthly/daily klines HEAD probe
COAIUSDT,2025-09-25,,Binance fapi/v1/exchangeInfo; data.binance.vision monthly/daily klines HEAD probe
AKEUSDT,2025-09-26,,Binance fapi/v1/exchangeInfo; data.binance.vision monthly/daily klines HEAD probe
HANAUSDT,2025-09-26,,Binance fapi/v1/exchangeInfo; data.binance.vision monthly/daily klines HEAD probe
MIRAUSDT,2025-09-26,,Binance fapi/v1/exchangeInfo; data.binance.vision monthly/daily klines HEAD probe
ORDERUSDT,2025-09-26,,Binance fapi/v1/exchangeInfo; data.binance.vision monthly/daily klines HEAD probe
LIGHTUSDT,2025-09-27,,Binance fapi/v1/exchangeInfo; data.binance.vision monthly/daily klines HEAD probe
FFUSDT,2025-09-29,,Binance fapi/v1/exchangeInfo; data.binance.vision monthly/daily klines HEAD probe
XANUSDT,2025-09-29,,Binance fapi/v1/exchangeInfo; data.binance.vision monthly/daily klines HEAD probe
EDENUSDT,2025-09-30,,Binance fapi/v1/exchangeInfo; data.binance.vision monthly/daily klines HEAD probe
VFYUSDT,2025-09-30,2026-03-17,Binance fapi/v1/exchangeInfo; data.binance.vision monthly/daily klines HEAD probe
NOMUSDT,2025-10-01,,Binance fapi/v1/exchangeInfo; data.binance.vision monthly/daily klines HEAD probe
TRUTHUSDT,2025-10-01,,Binance fapi/v1/exchangeInfo; data.binance.vision monthly/daily klines HEAD probe
2ZUSDT,2025-10-02,,Binance fapi/v1/exchangeInfo; data.binance.vision monthly/daily klines HEAD probe
EVAAUSDT,2025-10-03,,Binance fapi/v1/exchangeInfo; data.binance.vision monthly/daily klines HEAD probe
LYNUSDT,2025-10-06,,Binance fapi/v1/exchangeInfo; data.binance.vision monthly/daily klines HEAD probe
KGENUSDT,2025-10-07,,Binance fapi/v1/exchangeInfo; data.binance.vision monthly/daily klines HEAD probe
4USDT,2025-10-08,,Binance fapi/v1/exchangeInfo; data.binance.vision monthly/daily klines HEAD probe
GIGGLEUSDT,2025-10-09,,Binance fapi/v1/exchangeInfo; data.binance.vision monthly/daily klines HEAD probe
MONUSDT,2025-10-10,,Binance fapi/v1/exchangeInfo; data.binance.vision monthly/daily klines HEAD probe
YBUSDT,2025-10-10,,Binance fapi/v1/exchangeInfo; data.binance.vision monthly/daily klines HEAD probe
METUSDT,2025-10-11,,Binance fapi/v1/exchangeInfo; data.binance.vision monthly/daily klines HEAD probe
EULUSDT,2025-10-13,,Binance fapi/v1/exchangeInfo; data.binance.vision monthly/daily klines HEAD probe
CLOUSDT,2025-10-14,,Binance fapi/v1/exchangeInfo; data.binance.vision monthly/daily klines HEAD probe
ENSOUSDT,2025-10-14,,Binance fapi/v1/exchangeInfo; data.binance.vision monthly/daily klines HEAD probe
RECALLUSDT,2025-10-15,,Binance fapi/v1/exchangeInfo; data.binance.vision monthly/daily klines HEAD probe
LABUSDT,2025-10-17,,Binance fapi/v1/exchangeInfo; data.binance.vision monthly/daily klines HEAD probe
RIVERUSDT,2025-10-17,,Binance fapi/v1/exchangeInfo; data.binance.vision monthly/daily klines HEAD probe
ZBTUSDT,2025-10-17,,Binance fapi/v1/exchangeInfo; data.binance.vision monthly/daily klines HEAD probe
RVVUSDT,2025-10-18,2026-02-10,Binance fapi/v1/exchangeInfo; data.binance.vision monthly/daily klines HEAD probe
币安人生USDT,2025-10-20,,Binance fapi/v1/exchangeInfo; data.binance.vision monthly/daily klines HEAD probe
BLUAIUSDT,2025-10-21,,Binance fapi/v1/exchangeInfo; data.binance.vision monthly/daily klines HEAD probe
TURTLEUSDT,2025-10-22,,Binance fapi/v1/exchangeInfo; data.binance.vision monthly/daily klines HEAD probe
APRUSDT,2025-10-23,,Binance fapi/v1/exchangeInfo; data.binance.vision monthly/daily klines HEAD probe
ONUSDT,2025-10-24,,Binance fapi/v1/exchangeInfo; data.binance.vision monthly/daily klines HEAD probe
42USDT,2025-10-27,2026-01-30,Binance fapi/v1/exchangeInfo; data.binance.vision monthly/daily klines HEAD probe
COMMONUSDT,2025-10-27,2026-01-30,Binance fapi/v1/exchangeInfo; data.binance.vision monthly/daily klines HEAD probe
ATUSDT,2025-10-29,,Binance fapi/v1/exchangeInfo; data.binance.vision monthly/daily klines HEAD probe
KITEUSDT,2025-10-29,,Binance fapi/v1/exchangeInfo; data.binance.vision monthly/daily klines HEAD probe
CCUSDT,2025-10-31,,Binance fapi/v1/exchangeInfo; data.binance.vision monthly/daily klines HEAD probe
MMTUSDT,2025-11-04,,Binance fapi/v1/exchangeInfo; data.binance.vision monthly/daily klines HEAD probe
TRUSTUSDT,2025-11-05,,Binance fapi/v1/exchangeInfo; data.binance.vision monthly/daily klines HEAD probe
FOLKSUSDT,2025-11-06,,Binance fapi/v1/exchangeInfo; data.binance.vision monthly/daily klines HEAD probe
STABLEUSDT,2025-11-06,,Binance fapi/v1/exchangeInfo; data.binance.vision monthly/daily klines HEAD probe
UAIUSDT,2025-11-06,,Binance fapi/v1/exchangeInfo; data.binance.vision monthly/daily klines HEAD probe
JCTUSDT,2025-11-10,,Binance fapi/v1/exchangeInfo; data.binance.vision monthly/daily klines HEAD probe
ALLOUSDT,2025-11-11,,Binance fapi/v1/exchangeInfo; data.binance.vision monthly/daily klines HEAD probe
BEATUSDT,2025-11-12,,Binance fapi/v1/exchangeInfo; data.binance.vision monthly/daily klines HEAD probe
CLANKERUSDT,2025-11-12,,Binance fapi/v1/exchangeInfo; data.binance.vision monthly/daily klines HEAD probe
PIEVERSEUSDT,2025-11-14,,Binance fapi/v1/exchangeInfo; data.binance.vision monthly/daily klines HEAD probe
SENTUSDT,2025-11-14,,Binance fapi/v1/exchangeInfo; data.binance.vision monthly/daily klines HEAD probe
BOBUSDT,2025-11-21,2026-04-28,Binance fapi/v1/exchangeInfo; data.binance.vision monthly/daily klines HEAD probe
IRYSUSDT,2025-11-26,,Binance fapi/v1/exchangeInfo; data.binance.vision monthly/daily klines HEAD probe
RLSUSDT,2025-12-02,2026-04-08,Binance fapi/v1/exchangeInfo; data.binance.vision monthly/daily klines HEAD probe
POWERUSDT,2025-12-06,,Binance fapi/v1/exchangeInfo; data.binance.vision monthly/daily klines HEAD probe
NIGHTUSDT,2025-12-10,,Binance fapi/v1/exchangeInfo; data.binance.vision monthly/daily klines HEAD probe
WETUSDT,2025-12-10,,Binance fapi/v1/exchangeInfo; data.binance.vision monthly/daily klines HEAD probe
CYSUSDT,2025-12-12,,Binance fapi/v1/exchangeInfo; data.binance.vision monthly/daily klines HEAD probe
USUSDT,2025-12-12,,Binance fapi/v1/exchangeInfo; data.binance.vision monthly/daily klines HEAD probe
RAVEUSDT,2025-12-14,,Binance fapi/v1/exchangeInfo; data.binance.vision monthly/daily klines HEAD probe
GUAUSDT,2025-12-21,,Binance fapi/v1/exchangeInfo; data.binance.vision monthly/daily klines HEAD probe
IRUSDT,2025-12-21,2026-04-29,Binance fapi/v1/exchangeInfo; data.binance.vision monthly/daily klines HEAD probe
ZKPUSDT,2025-12-21,,Binance fapi/v1/exchangeInfo; data.binance.vision monthly/daily klines HEAD probe
LITUSDT,2025-12-23,,Binance fapi/v1/exchangeInfo; data.binance.vision monthly/daily klines HEAD probe
BREVUSDT,2025-12-30,,Binance fapi/v1/exchangeInfo; data.binance.vision monthly/daily klines HEAD probe
COLLECTUSDT,2025-12-31,,Binance fapi/v1/exchangeInfo; data.binance.vision monthly/daily klines HEAD probe
MAGMAUSDT,2025-12-31,,Binance fapi/v1/exchangeInfo; data.binance.vision monthly/daily klines HEAD probe
ZAMAUSDT,2026-01-09,,Binance fapi/v1/exchangeInfo; data.binance.vision monthly/daily klines HEAD probe
FOGOUSDT,2026-01-10,,Binance fapi/v1/exchangeInfo; data.binance.vision monthly/daily klines HEAD probe
FRAXUSDT,2026-01-15,,Binance fapi/v1/exchangeInfo; data.binance.vision monthly/daily klines HEAD probe
SPORTFUNUSDT,2026-01-16,,Binance fapi/v1/exchangeInfo; data.binance.vision monthly/daily klines HEAD probe
AIAUSDT,2026-01-20,,Binance fapi/v1/exchangeInfo; data.binance.vision monthly/daily klines HEAD probe
ACUUSDT,2026-01-21,,Binance fapi/v1/exchangeInfo; data.binance.vision monthly/daily klines HEAD probe
我踏马来了USDT,2026-01-21,,Binance fapi/v1/exchangeInfo; data.binance.vision monthly/daily klines HEAD probe
ELSAUSDT,2026-01-22,,Binance fapi/v1/exchangeInfo; data.binance.vision monthly/daily klines HEAD probe
SKRUSDT,2026-01-22,,Binance fapi/v1/exchangeInfo; data.binance.vision monthly/daily klines HEAD probe
FIGHTUSDT,2026-01-23,,Binance fapi/v1/exchangeInfo; data.binance.vision monthly/daily klines HEAD probe
SPACEUSDT,2026-01-23,,Binance fapi/v1/exchangeInfo; data.binance.vision monthly/daily klines HEAD probe
BIRBUSDT,2026-01-29,,Binance fapi/v1/exchangeInfo; data.binance.vision monthly/daily klines HEAD probe
GWEIUSDT,2026-01-29,,Binance fapi/v1/exchangeInfo; data.binance.vision monthly/daily klines HEAD probe
INXUSDT,2026-01-30,,Binance fapi/v1/exchangeInfo; data.binance.vision monthly/daily klines HEAD probe
MEGAUSDT,2026-01-30,,Binance fapi/v1/exchangeInfo; data.binance.vision monthly/daily klines HEAD probe
TRIAUSDT,2026-02-06,,Binance fapi/v1/exchangeInfo; data.binance.vision monthly/daily klines HEAD probe
ESPUSDT,2026-02-10,,Binance fapi/v1/exchangeInfo; data.binance.vision monthly/daily klines HEAD probe
AZTECUSDT,2026-02-11,,Binance fapi/v1/exchangeInfo; data.binance.vision monthly/daily klines HEAD probe
OPNUSDT,2026-02-21,,Binance fapi/v1/exchangeInfo; data.binance.vision monthly/daily klines HEAD probe
ROBOUSDT,2026-02-27,,Binance fapi/v1/exchangeInfo; data.binance.vision monthly/daily klines HEAD probe
KATUSDT,2026-03-02,,Binance fapi/v1/exchangeInfo; data.binance.vision monthly/daily klines HEAD probe
MANTRAUSDT,2026-03-04,,Binance fapi/v1/exchangeInfo; data.binance.vision monthly/daily klines HEAD probe
龙虾USDT,2026-03-11,,Binance fapi/v1/exchangeInfo; data.binance.vision monthly/daily klines HEAD probe
CFGUSDT,2026-03-16,,Binance fapi/v1/exchangeInfo; data.binance.vision monthly/daily klines HEAD probe
EDGEUSDT,2026-03-19,,Binance fapi/v1/exchangeInfo; data.binance.vision monthly/daily klines HEAD probe
BSBUSDT,2026-03-25,,Binance fapi/v1/exchangeInfo; data.binance.vision monthly/daily klines HEAD probe
XAUTUSDT,2026-03-26,,Binance fapi/v1/exchangeInfo; data.binance.vision monthly/daily klines HEAD probe
BASEDUSDT,2026-03-30,,Binance fapi/v1/exchangeInfo; data.binance.vision monthly/daily klines HEAD probe
PRLUSDT,2026-04-01,,Binance fapi/v1/exchangeInfo; data.binance.vision monthly/daily klines HEAD probe
CHIPUSDT,2026-04-16,,Binance fapi/v1/exchangeInfo; data.binance.vision monthly/daily klines HEAD probe
GENIUSUSDT,2026-04-16,,Binance fapi/v1/exchangeInfo; data.binance.vision monthly/daily klines HEAD probe
OPGUSDT,2026-04-22,,Binance fapi/v1/exchangeInfo; data.binance.vision monthly/daily klines HEAD probe
AIGENSYNUSDT,2026-04-29,,Binance fapi/v1/exchangeInfo; data.binance.vision monthly/daily klines HEAD probe
BILLUSDT,2026-05-07,,Binance fapi/v1/exchangeInfo; data.binance.vision monthly/daily klines HEAD probe
PHAROSUSDT,2026-05-14,,Binance fapi/v1/exchangeInfo; data.binance.vision monthly/daily klines HEAD probe
STARUSDT,2026-05-14,,Binance fapi/v1/exchangeInfo; data.binance.vision monthly/daily klines HEAD probe
CTRUSDT,2026-05-28,,Binance fapi/v1/exchangeInfo; data.binance.vision monthly/daily klines HEAD probe
SLXUSDT,2026-06-01,,Binance fapi/v1/exchangeInfo; data.binance.vision monthly/daily klines HEAD probe
BTWUSDT,2026-06-04,,Binance fapi/v1/exchangeInfo; data.binance.vision monthly/daily klines HEAD probe
ZESTUSDT,2026-06-04,,Binance fapi/v1/exchangeInfo; data.binance.vision monthly/daily klines HEAD probe
